site_code,site_name,site_grade,site_type,area,subarea,job_number_sl6,sap_number
BKK-5001-UR,อาคารสาทรธานี (Sathorn Thani),A,Indoor,กรุงเทพมหานคร,นนทบุรี,SL6-2026-0101,SAP-9001001
BKK-5002-UR,สถานีโทรคมนาคมพระราม 9,A,Indoor,กรุงเทพมหานคร,ปทุมธานี,SL6-2026-0102,SAP-9001002
BKK-5003-UR,อาคารจัสมิน อินเตอร์เนชั่นแนล,B,Indoor,กรุงเทพมหานคร,สมุทรปราการ,SL6-2026-0103,SAP-9001003
BKK-5004-UR,โหนดโครงข่ายบางนา (Bangna Hub),A,Outdoor,กรุงเทพมหานคร,สมุทรสาคร,SL6-2026-0104,SAP-9001004
BKK-5005-UR,สถานีฐานแจ้งวัฒนะ,B,Outdoor,กรุงเทพมหานคร,นนทบุรี,SL6-2026-0105,SAP-9001005
BKK-5006-UR,อาคารสีลม คอมเพล็กซ์,A,Indoor,กรุงเทพมหานคร,สมุทรปราการ,SL6-2026-0106,SAP-9001006
BKK-5007-UR,ศูนย์ควบคุมพญาไท,A,Indoor,กรุงเทพมหานคร,ปทุมธานี,SL6-2026-0107,SAP-9001007
BKK-5008-UR,เสาสัญญาณห้วยขวาง,C,Outdoor,กรุงเทพมหานคร,นนทบุรี,SL6-2026-0108,SAP-9001008
BKK-5009-UR,โหนดโครงข่ายดอนเมือง,B,Outdoor,กรุงเทพมหานคร,ปทุมธานี,SL6-2026-0109,SAP-9001009
BKK-5010-UR,อาคารศูนย์ราชการหลักสี่,A,Indoor,กรุงเทพมหานคร,นนทบุรี,SL6-2026-0110,SAP-9001010
NON-5001-UR,โหนดชุมสายปากเกร็ด,A,Indoor,นนทบุรี,กรุงเทพมหานคร,SL6-2026-0201,SAP-9002001
NON-5002-UR,เสาสัญญาณบางบัวทอง,B,Outdoor,นนทบุรี,ปทุมธานี,SL6-2026-0202,SAP-9002002
NON-5003-UR,สถานีโทรคมนาคมรัตนาธิเบศร์,A,Indoor,นนทบุรี,กรุงเทพมหานคร,SL6-2026-0203,SAP-9002003
NON-5004-UR,ศูนย์กระจายสัญญาณไทรน้อย,C,Outdoor,นนทบุรี,นครปฐม,SL6-2026-0204,SAP-9002004
NON-5005-UR,อาคารชุมสายบางใหญ่,B,Indoor,นนทบุรี,กรุงเทพมหานคร,SL6-2026-0205,SAP-9002005
PTE-5001-UR,ศูนย์คอมพิวเตอร์คลองหลวง,A,Indoor,ปทุมธานี,นนทบุรี,SL6-2026-0301,SAP-9003001
PTE-5002-UR,เสาสัญญาณรังสิต-ปทุมธานี,B,Outdoor,ปทุมธานี,กรุงเทพมหานคร,SL6-2026-0302,SAP-9003002
PTE-5003-UR,โหนดโครงข่ายธัญบุรี,A,Indoor,ปทุมธานี,พระนครศรีอยุธยา,SL6-2026-0303,SAP-9003003
PTE-5004-UR,สถานีโทรคมนาคมลำลูกกา,B,Outdoor,ปทุมธานี,กรุงเทพมหานคร,SL6-2026-0304,SAP-9003004
PTE-5005-UR,เสาโทรคมนาคมสามโคก,C,Outdoor,ปทุมธานี,พระนครศรีอยุธยา,SL6-2026-0305,SAP-9003005
SPK-5001-UR,ศูนย์นิคมอุตสาหกรรมบางปู,A,Indoor,สมุทรปราการ,ฉะเชิงเทรา,SL6-2026-0401,SAP-9004001
SPK-5002-UR,เสาสัญญาณบางพลี 1,B,Outdoor,สมุทรปราการ,กรุงเทพมหานคร,SL6-2026-0402,SAP-9004002
SPK-5003-UR,โหนดโครงข่ายพระประแดง,B,Outdoor,สมุทรปราการ,กรุงเทพมหานคร,SL6-2026-0403,SAP-9004003
SPK-5004-UR,อาคารศูนย์กระจายสินค้าสุวรรณภูมิ,A,Indoor,สมุทรปราการ,ฉะเชิงเทรา,SL6-2026-0404,SAP-9004004
SPK-5005-UR,สถานีชุมสายบางบ่อ,C,Outdoor,สมุทรปราการ,ฉะเชิงเทรา,SL6-2026-0405,SAP-9004005
CHB-5001-UR,สถานีโทรคมนาคมพัทยา,A,Indoor,ชลบุรี,ระยอง,SL6-2026-0501,SAP-9005001
CHB-5002-UR,โหนดแหลมฉบัง,B,Outdoor,ชลบุรี,ฉะเชิงเทรา,SL6-2026-0502,SAP-9005002
CHB-5003-UR,อาคารศูนย์ชุมสายศรีราชา,A,Indoor,ชลบุรี,ระยอง,SL6-2026-0503,SAP-9005003
CHB-5004-UR,เสาสัญญาณสัตหีบ,C,Outdoor,ชลบุรี,ระยอง,SL6-2026-0504,SAP-9005004
CHB-5005-UR,โหนดกระจายสัญญาณพนัสนิคม,B,Indoor,ชลบุรี,ฉะเชิงเทรา,SL6-2026-0505,SAP-9005005
YST-5001-UR,ศูนย์คอมพิวเตอร์ยโสธร,A,Indoor,ยโสธร,อุบลราชธานี,SL6-2026-0601,SAP-9006001
YST-5002-UR,สถานีโทรคมนาคมเลิงนกทา,B,Outdoor,ยโสธร,อำนาจเจริญ,SL6-2026-0602,SAP-9006002
YST-5003-UR,โหนดมหาชนะชัย,A,Indoor,ยโสธร,ศรีสะเกษ,SL6-2026-0603,SAP-9006003
YST-5004-UR,สถานีทรายมูล (Sai Mun Node),C,Outdoor,ยโสธร,ร้อยเอ็ด,SL6-2026-0604,SAP-9006004
YST-5005-UR,ศูนย์กระจายสัญญาณคำเขื่อนแก้ว,B,Indoor,ยโสธร,อุบลราชธานี,SL6-2026-0605,SAP-9006005
UBN-5001-UR,ศูนย์โครงข่ายอุบลราชธานี,A,Indoor,อุบลราชธานี,ยโสธร,SL6-2026-0701,SAP-9007001
UBN-5002-UR,สถานีโทรคมนาคมวารินชำราบ,A,Indoor,อุบลราชธานี,ศรีสะเกษ,SL6-2026-0702,SAP-9007002
UBN-5003-UR,เสาสัญญาณพิบูลมังสาหาร,B,Outdoor,อุบลราชธานี,อำนาจเจริญ,SL6-2026-0703,SAP-9007003
UBN-5004-UR,โหนดชุมสายเดชอุดม,B,Outdoor,อุบลราชธานี,ศรีสะเกษ,SL6-2026-0704,SAP-9007004
UBN-5005-UR,เสาโทรคมนาคมตระการพืชผล,C,Outdoor,อุบลราชธานี,อำนาจเจริญ,SL6-2026-0705,SAP-9007005
KKN-5001-UR,ศูนย์ชุมสายขอนแก่น,A,Indoor,ขอนแก่น,อุดรธานี,SL6-2026-0801,SAP-9008001
KKN-5002-UR,เสาสัญญาณน้ำพอง,C,Outdoor,ขอนแก่น,มหาสารคาม,SL6-2026-0802,SAP-9008002
KKN-5003-UR,โหนดโครงข่ายชุมแพ,B,Outdoor,ขอนแก่น,ชัยภูมิ,SL6-2026-0803,SAP-9008003
KKN-5004-UR,อาคารโทรคมนาคมบ้านไผ่,A,Indoor,ขอนแก่น,มหาสารคาม,SL6-2026-0804,SAP-9008004
KKN-5005-UR,สถานีฐานกระนวน,B,Outdoor,ขอนแก่น,กาฬสินธุ์,SL6-2026-0805,SAP-9008005
CNX-5001-UR,สถานีโทรคมนาคมเชียงใหม่ (นิมมาน),A,Indoor,เชียงใหม่,ลำพูน,SL6-2026-0901,SAP-9009001
CNX-5002-UR,ศูนย์ชุมสายหางดง,A,Indoor,เชียงใหม่,ลำพูน,SL6-2026-0902,SAP-9009002
CNX-5003-UR,เสาสัญญาณฝาง,C,Outdoor,เชียงใหม่,เชียงราย,SL6-2026-0903,SAP-9009003
PKT-5001-UR,โหนดโครงข่ายภูเก็ต (ป่าตอง),A,Indoor,ภูเก็ต,พังงา,SL6-2026-1001,SAP-9010001
SKA-5001-UR,ศูนย์กระจายสัญญาณหาดใหญ่,B,Indoor,สงขลา,พัทลุง,SL6-2026-1002,SAP-9010002
